{
  "run_data": {
    "timestamp": "09:12:43 12 June 2025",
    "run_name": "enriched",
    "flux_name": "enriched flux"
  },
  "inventory_data": [
    {
      "irradiation_time": 0.0E+0,
      "cooling_time": 0.0E+0,
      "flux": 0.11E+15,
      "total_atoms": 0.93869010910256897E+26,
      "total_activity": 0.0E+0,
      "alpha_activity": 0.0E+0,
      "beta_activity": 0.0E+0,
      "gamma_activity": 0.0E+0,
      "total_mass": 0.99999999999999989E+0,
      "total_heat": 0.0E+0,
      "alpha_heat": 0.0E+0,
      "beta_heat": 0.0E+0,
      "gamma_heat": 0.0E+0,
      "ingestion_dose": 0.0E+0,
      "inhalation_dose": 0.0E+0,
      "dose_rate": {
        "type": "Plane source",
        "distance": 0.0E+0,
        "mass": 0.0E+0,
        "dose": 0.0E+0
      },
      "nuclides": [
        {
          "element": "Li",
          "isotope": 6,
          "state": "",
          "half_life": 0.0E+0,
          "zai": 30060,
          "atoms": 0.56321406546154137E+26,
          "grams": 0.5625576028534224E+3,
          "activity": 0.0E+0,
          "alpha_activity": 0.0E+0,
          "beta_activity": 0.0E+0,
          "gamma_activity": 0.0E+0,
          "heat": 0.0E+0,
          "alpha_heat": 0.0E+0,
          "beta_heat": 0.0E+0,
          "gamma_heat": 0.0E+0,
          "dose": 0.0E+0,
          "ingestion": 0.0E+0,
          "inhalation": 0.0E+0
        },
        {
          "element": "Li",
          "isotope": 7,
          "state": "",
          "half_life": 0.0E+0,
          "zai": 30070,
          "atoms": 0.37547604364102765E+26,
          "grams": 0.43744239714657755E+3,
          "activity": 0.0E+0,
          "alpha_activity": 0.0E+0,
          "beta_activity": 0.0E+0,
          "gamma_activity": 0.0E+0,
          "heat": 0.0E+0,
          "alpha_heat": 0.0E+0,
          "beta_heat": 0.0E+0,
          "gamma_heat": 0.0E+0,
          "dose": 0.0E+0,
          "ingestion": 0.0E+0,
          "inhalation": 0.0E+0
        }
      ],
      "gamma_spectrum": {
        "boundaries": [
          0.99999997473787511E-11,
          0.1E-1,
          0.2E-1,
          0.49999999999999996E-1,
          0.99999999999999992E-1,
          0.19999999999999998E+0,
          0.29999999999999999E+0,
          0.39999999999999997E+0,
          0.59999999999999998E+0,
          0.79999999999999993E+0,
          0.1E+1,
          0.122E+1,
          0.14399999999999999E+1,
          0.16599999999999999E+1,
          0.2E+1,
          0.25E+1,
          0.3E+1,
          0.4E+1,
          0.5E+1,
          0.65E+1,
          0.8E+1,
          0.1E+2,
          0.12E+2,
          0.14E+2,
          0.2E+2
        ],
        "values": [
          0.0E+0,
          0.0E+0,
          0.0E+0,
          0.0E+0,
          0.0E+0,
          0.0E+0,
          0.0E+0,
          0.0E+0,
          0.0E+0,
          0.0E+0,
          0.0E+0,
          0.0E+0,
          0.0E+0,
          0.0E+0,
          0.0E+0,
          0.0E+0,
          0.0E+0,
          0.0E+0,
          0.0E+0,
          0.0E+0,
          0.0E+0,
          0.0E+0,
          0.0E+0,
          0.0E+0
        ]
      }
    },
    {
      "irradiation_time": 0.36E+4,
      "cooling_time": 0.0E+0,
      "flux": 0.11E+15,
      "total_atoms": 0.93869324566445524E+26,
      "total_activity": 0.35289621882566069E+13,
      "alpha_activity": 0.13837087545862009E+13,
      "beta_activity": 0.2145253433670406E+13,
      "gamma_activity": 0.0E+0,
      "total_mass": 0.10000005226882178E+1,
      "total_heat": 0.42028184872286919E-2,
      "alpha_heat": 0.13857018453181842E-2,
      "beta_heat": 0.28023088828528272E-2,
      "gamma_heat": 0.14807759057681187E-4,
      "ingestion_dose": 0.26785297801948499E+2,
      "inhalation_dose": 0.14691888721531313E+3,
      "dose_rate": {
        "type": "Plane source",
        "distance": 0.0E+0,
        "mass": 0.0E+0,
        "dose": 0.0E+0
      },
      "nuclides": [
        {
          "element": "H",
          "isotope": 1,
          "state": "",
          "half_life": 0.0E+0,
          "zai": 10010,
          "atoms": 0.2930800879399743E+16,
          "grams": 0.49047888870870171E-8,
          "activity": 0.0E+0,
          "alpha_activity": 0.0E+0,
          "beta_activity": 0.0E+0,
          "gamma_activity": 0.0E+0,
          "heat": 0.0E+0,
          "alpha_heat": 0.0E+0,
          "beta_heat": 0.0E+0,
          "gamma_heat": 0.0E+0,
          "dose": 0.0E+0,
          "ingestion": 0.0E+0,
          "inhalation": 0.0E+0
        },
        {
          "element": "H",
          "isotope": 2,
          "state": "",
          "half_life": 0.0E+0,
          "zai": 10020,
          "atoms": 0.44667406278485606E+15,
          "grams": 0.14938989666383648E-8,
          "activity": 0.0E+0,
          "alpha_activity": 0.0E+0,
          "beta_activity": 0.0E+0,
          "gamma_activity": 0.0E+0,
          "heat": 0.0E+0,
          "alpha_heat": 0.0E+0,
          "beta_heat": 0.0E+0,
          "gamma_heat": 0.0E+0,
          "dose": 0.0E+0,
          "ingestion": 0.0E+0,
          "inhalation": 0.0E+0
        },
        {
          "element": "H",
          "isotope": 3,
          "state": "",
          "half_life": 0.389105E+9,
          "zai": 10030,
          "atoms": 0.313641846087819E+21,
          "grams": 0.15708020094005557E-2,
          "activity": 0.55871798440366492E+12,
          "alpha_activity": 0.0E+0,
          "beta_activity": 0.55871798440366492E+12,
          "gamma_activity": 0.0E+0,
          "heat": 0.5109063599539476E-6,
          "alpha_heat": 0.0E+0,
          "beta_heat": 0.5109063599539476E-6,
          "gamma_heat": 0.0E+0,
          "dose": 0.0E+0,
          "ingestion": 0.23466155735798399E+2,
          "inhalation": 0.14526667245683228E+3
        },
        {
          "element": "He",
          "isotope": 3,
          "state": "",
          "half_life": 0.0E+0,
          "zai": 20030,
          "atoms": 0.10056829680422919E+16,
          "grams": 0.50366948175823569E-8,
          "activity": 0.0E+0,
          "alpha_activity": 0.0E+0,
          "beta_activity": 0.0E+0,
          "gamma_activity": 0.0E+0,
          "heat": 0.0E+0,
          "alpha_heat": 0.0E+0,
          "beta_heat": 0.0E+0,
          "gamma_heat": 0.0E+0,
          "dose": 0.0E+0,
          "ingestion": 0.0E+0,
          "inhalation": 0.0E+0
        },
        {
          "element": "He",
          "isotope": 4,
          "state": "",
          "half_life": 0.0E+0,
          "zai": 20040,
          "atoms": 0.31366541777150732E+21,
          "grams": 0.20847707502401162E-2,
          "activity": 0.0E+0,
          "alpha_activity": 0.0E+0,
          "beta_activity": 0.0E+0,
          "gamma_activity": 0.0E+0,
          "heat": 0.0E+0,
          "alpha_heat": 0.0E+0,
          "beta_heat": 0.0E+0,
          "gamma_heat": 0.0E+0,
          "dose": 0.0E+0,
          "ingestion": 0.0E+0,
          "inhalation": 0.0E+0
        },
        {
          "element": "He",
          "isotope": 6,
          "state": "",
          "half_life": 0.80810000000000004E+0,
          "zai": 20060,
          "atoms": 0.23646385149967392E+12,
          "grams": 0.23633596778604697E-11,
          "activity": 0.20282669468054022E+12,
          "alpha_activity": 0.0E+0,
          "beta_activity": 0.20282669468054022E+12,
          "gamma_activity": 0.0E+0,
          "heat": 0.50920390047818351E-4,
          "alpha_heat": 0.0E+0,
          "beta_heat": 0.50736978653304652E-4,
          "gamma_heat": 0.18341139451369946E-6,
          "dose": 0.0E+0,
          "ingestion": 0.3042400320089214E+1,
          "inhalation": 0.14806348740478243E+1
        },
        {
          "element": "Li",
          "isotope": 6,
          "state": "",
          "half_life": 0.0E+0,
          "zai": 30060,
          "atoms": 0.56321092889045219E+26,
          "grams": 0.56255446993821079E+3,
          "activity": 0.0E+0,
          "alpha_activity": 0.0E+0,
          "beta_activity": 0.0E+0,
          "gamma_activity": 0.0E+0,