{
  "run_data": {
    "timestamp": "09:12:37 12 June 2025",
    "run_name": "unenriched",
    "flux_name": "unenriched flux"
  },
  "inventory_data": [
    {
      "irradiation_time": 0.0E+0,
      "cooling_time": 0.0E+0,
      "flux": 0.11E+15,
      "total_atoms": 0.86773953038037659E+26,
      "total_activity": 0.0E+0,
      "alpha_activity": 0.0E+0,
      "beta_activity": 0.0E+0,
      "gamma_activity": 0.0E+0,
      "total_mass": 0.1E+1,
      "total_heat": 0.0E+0,
      "alpha_heat": 0.0E+0,
      "beta_heat": 0.0E+0,
      "gamma_heat": 0.0E+0,
      "ingestion_dose": 0.0E+0,
      "inhalation_dose": 0.0E+0,
      "dose_rate": {
        "type": "Plane source",
        "distance": 0.0E+0,
        "mass": 0.0E+0,
        "dose": 0.0E+0
      },
      "nuclides": [
        {
          "element": "Li",
          "isotope": 6,
          "state": "",
          "half_life": 0.0E+0,
          "zai": 30060,
          "atoms": 0.6586143421298707E+25,
          "grams": 0.65784668429727589E+2,
          "activity": 0.0E+0,
          "alpha_activity": 0.0E+0,
          "beta_activity": 0.0E+0,
          "gamma_activity": 0.0E+0,
          "heat": 0.0E+0,
          "alpha_heat": 0.0E+0,
          "beta_heat": 0.0E+0,
          "gamma_heat": 0.0E+0,
          "dose": 0.0E+0,
          "ingestion": 0.0E+0,
          "inhalation": 0.0E+0
        },
        {
          "element": "Li",
          "isotope": 7,
          "state": "",
          "half_life": 0.0E+0,
          "zai": 30070,
          "atoms": 0.80187809616738956E+26,
          "grams": 0.93421533157027238E+3,
          "activity": 0.0E+0,
          "alpha_activity": 0.0E+0,
          "beta_activity": 0.0E+0,
          "gamma_activity": 0.0E+0,
          "heat": 0.0E+0,
          "alpha_heat": 0.0E+0,
          "beta_heat": 0.0E+0,
          "gamma_heat": 0.0E+0,
          "dose": 0.0E+0,
          "ingestion": 0.0E+0,
          "inhalation": 0.0E+0
        }
      ],
      "gamma_spectrum": {
        "boundaries": [
          0.99999997473787511E-11,
          0.1E-1,
          0.2E-1,
          0.49999999999999996E-1,
          0.99999999999999992E-1,
          0.19999999999999998E+0,
          0.29999999999999999E+0,
          0.39999999999999997E+0,
          0.59999999999999998E+0,
          0.79999999999999993E+0,
          0.1E+1,
          0.122E+1,
          0.14399999999999999E+1,
          0.16599999999999999E+1,
          0.2E+1,
          0.25E+1,
          0.3E+1,
          0.4E+1,
          0.5E+1,
          0.65E+1,
          0.8E+1,
          0.1E+2,
          0.12E+2,
          0.14E+2,
          0.2E+2
        ],
        "values": [
          0.0E+0,
          0.0E+0,
          0.0E+0,
          0.0E+0,
          0.0E+0,
          0.0E+0,
          0.0E+0,
          0.0E+0,
          0.0E+0,
          0.0E+0,
          0.0E+0,
          0.0E+0,
          0.0E+0,
          0.0E+0,
          0.0E+0,
          0.0E+0,
          0.0E+0,
          0.0E+0,
          0.0E+0,
          0.0E+0,
          0.0E+0,
          0.0E+0,
          0.0E+0,
          0.0E+0
        ]
      }
    },
    {
      "irradiation_time": 0.36E+4,
      "cooling_time": 0.0E+0,
      "flux": 0.11E+15,
      "total_atoms": 0.86773989737544639E+26,
      "total_activity": 0.60843490614769668E+13,
      "alpha_activity": 0.29550906381837051E+13,
      "beta_activity": 0.31292584232932617E+13,
      "gamma_activity": 0.0E+0,
      "total_mass": 0.10000000611530895E+1,
      "total_heat": 0.88932116072809961E-2,
      "alpha_heat": 0.29593471435672351E-2,
      "beta_heat": 0.59025338462885086E-2,
      "gamma_heat": 0.31330617425252831E-4,
      "ingestion_dose": 0.49675979498675078E+1,
      "inhalation_dose": 0.18148179227088601E+2,
      "dose_rate": {
        "type": "Plane source",
        "distance": 0.0E+0,
        "mass": 0.0E+0,
        "dose": 0.0E+0
      },
      "nuclides": [
        {
          "element": "H",
          "isotope": 1,
          "state": "",
          "half_life": 0.0E+0,
          "zai": 10010,
          "atoms": 0.34435481622946556E+15,
          "grams": 0.57628878431451E-9,
          "activity": 0.0E+0,
          "alpha_activity": 0.0E+0,
          "beta_activity": 0.0E+0,
          "gamma_activity": 0.0E+0,
          "heat": 0.0E+0,
          "alpha_heat": 0.0E+0,
          "beta_heat": 0.0E+0,
          "gamma_heat": 0.0E+0,
          "dose": 0.0E+0,
          "ingestion": 0.0E+0,
          "inhalation": 0.0E+0
        },
        {
          "element": "H",
          "isotope": 2,
          "state": "",
          "half_life": 0.0E+0,
          "zai": 10020,
          "atoms": 0.95392266486371538E+15,
          "grams": 0.31903891495468638E-8,
          "activity": 0.0E+0,
          "alpha_activity": 0.0E+0,
          "beta_activity": 0.0E+0,
          "gamma_activity": 0.0E+0,
          "heat": 0.0E+0,
          "alpha_heat": 0.0E+0,
          "beta_heat": 0.0E+0,
          "gamma_heat": 0.0E+0,
          "dose": 0.0E+0,
          "ingestion": 0.0E+0,
          "inhalation": 0.0E+0
        },
        {
          "element": "H",
          "isotope": 3,
          "state": "",
          "half_life": 0.389105E+9,
          "zai": 10030,
          "atoms": 0.36676821623606854E+20,
          "grams": 0.18368730392135291E-3,
          "activity": 0.65335669036129387E+11,
          "alpha_activity": 0.0E+0,
          "beta_activity": 0.65335669036129387E+11,
          "gamma_activity": 0.0E+0,
          "heat": 0.59744647164047412E-7,
          "alpha_heat": 0.0E+0,
          "beta_heat": 0.59744647164047412E-7,
          "gamma_heat": 0.0E+0,
          "dose": 0.0E+0,
          "ingestion": 0.27440981452222188E+1,
          "inhalation": 0.16987273541497888E+2
        },
        {
          "element": "He",
          "isotope": 3,
          "state": "",
          "half_life": 0.0E+0,
          "zai": 20030,
          "atoms": 0.1176030359249105E+15,
          "grams": 0.58898342757857987E-9,
          "activity": 0.0E+0,
          "alpha_activity": 0.0E+0,
          "beta_activity": 0.0E+0,
          "gamma_activity": 0.0E+0,
          "heat": 0.0E+0,
          "alpha_heat": 0.0E+0,
          "beta_heat": 0.0E+0,
          "gamma_heat": 0.0E+0,
          "dose": 0.0E+0,
          "ingestion": 0.0E+0,
          "inhalation": 0.0E+0
        },
        {
          "element": "He",
          "isotope": 4,
          "state": "",
          "half_life": 0.0E+0,
          "zai": 20040,
          "atoms": 0.36720384721604801E+20,
          "grams": 0.24406128207902079E-3,
          "activity": 0.0E+0,
          "alpha_activity": 0.0E+0,
          "beta_activity": 0.0E+0,
          "gamma_activity": 0.0E+0,
          "heat": 0.0E+0,
          "alpha_heat": 0.0E+0,
          "beta_heat": 0.0E+0,
          "gamma_heat": 0.0E+0,
          "dose": 0.0E+0,
          "ingestion": 0.0E+0,
          "inhalation": 0.0E+0
        },
        {
          "element": "He",
          "isotope": 6,
          "state": "",
          "half_life": 0.80810000000000004E+0,
          "zai": 20060,
          "atoms": 0.12688103690747212E+12,
          "grams": 0.12681241746274236E-11,
          "activity": 0.10883211607342737E+12,
          "alpha_activity": 0.0E+0,
          "beta_activity": 0.10883211607342737E+12,
          "gamma_activity": 0.0E+0,
          "heat": 0.27322704286617043E-4,
          "alpha_heat": 0.0E+0,
          "beta_heat": 0.27224289971832968E-4,
          "gamma_heat": 0.98414314784074839E-7,
          "dose": 0.0E+0,
          "ingestion": 0.16324816873799288E+1,
          "inhalation": 0.79447444888129726E+0
        },
        {
          "element": "Li",
          "isotope": 6,
          "state": "",
          "half_life": 0.0E+0,
          "zai": 30060,
          "atoms": 0.65861067441230495E+25,
          "grams": 0.65784302085467345E+2,
          "activity": 0.0E+0,
          "alpha_activity": 0.0E+0,
          "beta_activity": 0.0E+0,
          "gamma_activity": 0.0E+0,